 ,word        ,x                  ,y                   ,count
0,work        ,-25.182300567626953,-133.1381378173828  ,51
1,may         ,16.324586868286133 ,82.40528106689453   ,25
2,project     ,117.06867980957031 ,16.503965377807617  ,85
3,gutenberg   ,144.50697326660156 ,-91.79016876220703  ,27
4,works       ,-33.17206954956055 ,104.827392578125    ,32
5,foundation  ,-119.0861587524414 ,-0.20845001935958862,22
6,terms       ,-64.91219329833984 ,129.77139282226562  ,20
7,gutenberg-tm,-129.36668395996094,61.04981994628906   ,56
8,electronic  ,-115.7778549194336 ,109.07986450195312  ,27
